feature,importance
num__lpi_relative_risk,0.26386902
num__fin_implied_rating_missing_flag,0.1440937
num__lpi_below_supplier_median,0.10366305
num__fin_flag_moderate_or_worse_rating,0.09554099
num__missingindicator_fin_Number_of_months,0.09535507
num__Customs,0.051565677
num__contract_age_years,0.049493816
num__missingindicator_years_to_expiry_capped,0.026514616
num__Tracking_Tracing,0.021432437
num__missingindicator_fin_implied_rating_ordinal,0.01421388
num__start_year,0.0121948905
num__fin_flag_severe_financial_stress,0.010690102
num__LPI_Score,0.008725385
num__fin_flag_multiple_financial_stress_signals,0.007096111
num__missingindicator_esg_esg_industry_adjusted,0.0064471546
cat__department_Logistics,0.0063583027
num__esg_row_missing_pct,0.005912078
cat__term_type_perpetual,0.005366167
num__expiry_year,0.004677936
num__observation_year,0.004498245
num__missingindicator_contract_value_dkk,0.004270639
num__fin_total_stress_flags,0.00412272
num__open_ended_contract,0.0038430633
cat__fin_moodys_company_name_Novozymes A/S,0.0032878818
num__esg_esg_industry_adjusted,0.00191763
cat__contract_commodity_Warehouse Operations - Storage,0.001394558
num__news_has_high_relevance_negative_news,0.0013866142
num__esg_social_score,0.0012865735
cat__fin_implied_rating_Ba,0.0012407603
num__news_negative_count,0.0011716109
num__market_flag_negative_52w_price_trend,0.0010170405
num__fin_flag_liquidity_stress,0.001008487
cat__fin_implied_rating_Baa,0.0009869687
num__esg_social_weight,0.00097374397
cat__fin_risk_level_Take caution,0.0009527792
num__fin_financial_level_missing_flag,0.00091376016
cat__fin_closing_date_2023-12-31,0.00088877394
num__news_article_count,0.0008704115
"cat__fin_output_text_Sourcing exclusion recommended. Input from outdated and/or partial data, hence low quality credit rating & traffic light. Mitigation actions required. Request financial data from supplier as described in the risk process tab.",0.0008633747
num__Price_trends_52 weeks_%,0.0008569948
num__missingindicator_avg_vol,0.0007950811
cat__Current_market_capitalisation_DKK_154.546.116,0.00077883346
num__PPI_Value,0.0007525253
num__fin_flag_interest_coverage_stress,0.0007366437
num__fin_implied_rating_ordinal,0.0007102596
num__fin_flag_risk_do_not_source,0.0006902935
"cat__fin_output_text_Use caution. Input from outdated and/or partial data, hence low quality credit rating & traffic light. Mitigation actions required. Request financial data from supplier as described in the risk process tab.",0.00068914605
cat__contract_commodity_Shipper Boxes,0.0006764033
cat__Risk level_Go ahead,0.0006709168
num__fin_Number_of_employees,0.0006545905
"cat__supplier_sector_Transport, Freight & Storage",0.00062913535
cat__contract_commodity_Freights Forwarding - Road,0.0005834264
cat__contract_commodity_Freights Forwarding - Air,0.0005551295
cat__department_from_cost_center_Devices & Needles,0.00051022397
"cat__contract_type_Finance, Legal & Procurement",0.0005087031
num__missingindicator_esg_esg_overall,0.00049817265
cat__nn_contract_type_Logistics Services Provider Agreement,0.0004814121
cat__fin_Implied_rating - original_Baa3,0.00047279662
num__contracts_per_supplier,0.0004671751
num__missingindicator_Infrastructure,0.00045771003
cat__fin_moodys_company_name_Nemera LA Verpilliere,0.0004551987
num__market_data_available,0.000410642
num__missingindicator_fin_Net_assets_turnover,0.0003942042
cat__department_Raw Materials & Energy,0.00038662192
num__news_negative_ratio,0.00038319835
cat__contract_commodity_Other Drug Product Manufacturing Services,0.00037182818
num__fin_flag_strong_liquidity,0.00036596964
num__missingindicator_vol_shock_ratio,0.0003567807
num__fin_current_ratio,0.00034327852
num__missingindicator_vol_stability_score,0.00034202813
cat__fin_risk_level_Do not source,0.00031037637
num__avg_vol,0.00030798514
num__news_row_missing_pct,0.00030114505
cat__incoterms_FOB Free on board,0.00027951822
num__fin_flag_risk_take_caution_or_worse,0.00026790646
num__Timeliness,0.00026651664
num__fin_Total_liabilities_Equity_ratio,0.00025862944
num__news_positive_count,0.00023386642
num__vol_stability_score,0.00023003758
cat__nn_contract_type_Supply Agreement,0.0002281603
num__missingindicator_fin_long_term_gearing,0.00021795151
cat__contract_commodity_Cleaning Unclassified,0.00020127237
num__esg_gov_score,0.00019968834
cat__fin_moodys_company_name_DHL Global Forwarding (Denmark) A/S,0.00018654871
cat__payment_terms_F030 Invoice Date + 30 days,0.00018540407
cat__contract_type_Production,0.00018473092
cat__nn_contract_type_Other,0.00016446387
cat__incoterms_DAP Del.at Place-excl.unloading,0.00016118945
cat__contract_commodity_Moulding Tools Unclassified,0.0001584766
num__missingindicator_LPI_Score,0.00015810604
cat__contract_commodity_Cartons,0.00015808383
num__fin_flag_negative_ebit_margin,0.00015558119
num__esg_env_weight,0.0001479084
num__esg_env_score,0.00014765184
num__years_to_expiry_capped,0.00014649583
num__esg_gov_weight,0.00014407068
num__news_avg_sentiment_score,0.00014188237
num__fin_short_term_liabilities_equity_ratio,0.00013999223
num__missingindicator_PPI_Value,0.00013696792
cat__Shares outstanding_414.555.046,0.00013458464
num__fin_Total_shareholders'_funds_and_liabilitiesth_DKK,0.0001338413
num__International_Shipments,0.00013251466
num__fin_flag_severe_liquidity_stress,0.00013167616
cat__supplier_sector_Wholesale,0.0001307821
num__fin_ebit_margin_missing_flag,0.00012883871
cat__nn_contract_type_Framework Trading Agreement,0.00012336491
num__esg_esg_overall,0.000121065386
cat__contract_type_Research & Development,0.00011969661
num__start_year_capped,0.00011690941
cat__Risk level_Do not source,0.00011100672
cat__fin_Implied_rating - original_Baa1,0.000108425105
cat__fin_implied_rating_A,0.00010339478
num__fin_long_term_gearing,9.793849e-05
num__missingindicator_fin_EBITDA_margin,9.6794116e-05
num__fin_debt_asset_ratio,9.5583586e-05
cat__fin_Implied_rating - original_Baa2,9.411317e-05
num__contract_owner_cost_centre,8.725935e-05
num__fin_roe_net_income,8.637653e-05
num__market_cap_volatility,8.632516e-05
cat__fin_closing_date_2022-12-31,8.5739804e-05
"cat__supplier_sector_Wood, Furniture & Paper Manufacturing",8.489982e-05
num__fin_Cash_ratio,8.366506e-05
cat__fin_Status_Active,7.677551e-05
num__fin_gearing,7.656302e-05
cat__fin_closing_date_2021-12-31,7.6487355e-05
num__missingindicator_Customs,7.593161e-05
num__fin_Net_assets_turnover,7.4194126e-05
cat__fin_moodys_company_name_Novartis Pharma AG,7.3341005e-05
cat__term_type_fixed,7.29912e-05
cat__fin_risk_level_Go ahead,6.985242e-05
num__news_neutral_count,6.799524e-05
cat__Shares outstanding_66.270.051,6.6240675e-05
cat__contract_commodity_Other Energy Unclassified,6.333923e-05
num__vol_trend_slope,6.3049934e-05
num__Earnings_per_share_DKK,6.266614e-05
cat__contract_commodity_Road Transportation,6.049955e-05
num__fin_solvency_ratio_asset_based,6.0386425e-05
num__fin_interest_coverage_ratio,5.9498114e-05
cat__fin_closing_date_2025-03-31,5.9474907e-05
cat__Risk level_Take caution,5.9205904e-05
cat__incoterms_CIP Carriage and insurance paid,5.7207228e-05
cat__fin_closing_date_2025-12-31,5.6115627e-05
cat__fin_moodys_company_name_Smurfit Westrock Danmark A/S,5.5581917e-05
cat__nn_contract_type_Confidentiality Agreement,5.4559314e-05
num__fin_profit_margin,5.3668802e-05
cat__Code_DNK,5.3385982e-05
cat__expiry_pressure_bucket_5y_plus,5.338216e-05
num__market_flag_negative_price_trend,5.3290536e-05
cat__fin_closing_date_2024-12-31,5.3212705e-05
num__avg_closing_price,5.2782365e-05
num__fin_EBITDA_margin,5.1151288e-05
cat__fin_Implied_rating - original_A1,5.0647523e-05
cat__moodys_risk_rating_Take caution,4.8946415e-05
num__esg_below_industry_min,4.7471596e-05
cat__fin_output_text_Approved for sourcing. No further actions required.,4.7366048e-05
cat__fin_implied_rating_Aa,4.7070596e-05
cat__company_country_clean_Denmark,4.6175825e-05
num__contract_value,4.600315e-05
cat__fin_moodys_company_name_Enestia Belgium,4.567575e-05
cat__company_country_DENMARK,4.323e-05
cat__incoterms_CPT Carriage paid,4.246786e-05
cat__department_Drug Substance Outsourcing,4.0509127e-05
cat__contract_currency_code_USD,4.017003e-05
cat__incoterms_FCA Free carrier,3.9636856e-05
num__market_flag_negative_eps,3.9116978e-05
num__price_trend_slope,3.8725906e-05
cat__department_from_cost_center_Drug Substance Outsourcing,3.8241094e-05
cat__company_country_clean_Brazil,3.764974e-05
num__news_avg_relevance_score,3.366754e-05
cat__department_Packaging Material,3.316611e-05
cat__contract_commodity_Sterilization,3.3014287e-05
cat__Risk level_stock_closing_price_Take caution,3.247608e-05
cat__fin_moodys_company_name_F.I.S. Fabbrica Italiana Sintetici S.P.A.,3.200718e-05
num__market_flag_stock_price_take_caution_or_worse,3.0958046e-05
cat__fin_moodys_company_name_Agilent Technologies Denmark ApS,3.0552095e-05
cat__unit_GSOD,3.0507943e-05
cat__contract_type_Facility Management & Engineering,3.0188485e-05
"cat__team_Quality, Production Services & Supplies",2.9869769e-05
cat__expiry_pressure_bucket_3_to_5y,2.9456509e-05
cat__company_country_SWEDEN,2.8328572e-05
cat__fin_moodys_company_name_Zirq Cables AS,2.8005226e-05
num__price_volatility_score,2.7669324e-05
cat__company_country_clean_Sweden,2.7328562e-05
"cat__fin_moodys_company_name_Cytiva, Filial af Cytiva Europe GmbH, Tyskland",2.6552507e-05
cat__payment_terms_L060 Current Month + 60 days,2.5844143e-05
num__missingindicator_fin_roa_net_income,2.5577505e-05
cat__incoterms_EXW Ex works,2.5043533e-05
num__esg_industry_max,2.4979403e-05
cat__incoterms_DDP Delivered duty paid,2.4749817e-05
cat__fin_moodys_company_name_Catalent Germany Schorndorf GmbH,2.4581306e-05
cat__contract_currency_code_CHF,2.3823186e-05
cat__fin_Implied_rating - original_Aa3,2.2919558e-05
cat__department_Devices & Needles,2.2526865e-05
num__missingindicator_fin_gearing,2.249045e-05
num__fin_roa_net_income,2.2431994e-05
cat__fin_moodys_company_name_Linde Gas A/S,2.2009925e-05
cat__contract_commodity_Industrial Commodities,2.1889866e-05
cat__payment_terms_F060 Invoice Date + 60 days,2.1643496e-05
cat__fin_moodys_company_name_Almac Group Limited,2.1379812e-05
cat__contract_commodity_Waste Management,2.1346354e-05
cat__payment_terms_F015 Invoice Date + 15 days,2.1182279e-05
cat__term_type_auto_renew,2.100828e-05
cat__payment_terms_L030 Current Month + 30 days,2.0627942e-05
num__fin_ebit_margin,2.0536401e-05
cat__contract_commodity_Cleaning Services (GxP)',2.0208905e-05
cat__nn_contract_type_Master Service Agreement,2.007729e-05
num__contract_value_dkk,1.9530176e-05
num__missingindicator_fin_current_ratio,1.9447834e-05
cat__Country_Denmark,1.914305e-05
"cat__department_Quality, Production Services & Supplies",1.9131985e-05
cat__contract_type_Distribution,1.8928591e-05
cat__company_country_FRANCE,1.8822942e-05
num__esg_industry_min,1.851817e-05
cat__fin_moodys_company_name_ICM A/S,1.7891427e-05
cat__fin_Status_Dissolved,1.7780998e-05
"cat__supplier_sector_Industrial, Electric & Electronic Machinery",1.7154982e-05
cat__fin_moodys_company_name_Deloitte Statsautoriseret Revisionspartnerselskab,1.6408601e-05
cat__expiry_pressure_bucket_1_to_3y,1.6157795e-05
cat__company_country_BRAZIL,1.5966507e-05
cat__fin_moodys_company_name_Becton Dickinson Denmark A/S,1.563282e-05
cat__contract_currency_code_DKK,1.5378413e-05
cat__fin_Implied_rating - original_A2,1.491499e-05
"cat__supplier_sector_Chemicals, Petroleum, Rubber & Plastic",1.4647692e-05
cat__department_from_cost_center_Bioprocessing & Raw Materials,1.4475607e-05
cat__supplier_sector_Business Services,1.4246797e-05
cat__fin_implied_rating_Caa,1.4191847e-05
cat__fin_moodys_company_name_Synoptik A/S,1.3292134e-05
cat__incoterms_DDU Delivered duty unpaid,1.3145602e-05
cat__fin_moodys_company_name_Sonderborg Vaerktojsfabrik A/S,1.31245e-05
cat__nn_contract_type_Basic Terms Agreement,1.2922534e-05
num__missingindicator_fin_interest_coverage_ratio,1.2709614e-05
num__Infrastructure,1.2418719e-05
cat__fin_moodys_company_name_SPS Medical,1.24081525e-05
cat__contract_commodity_Other Energy & Utilities,1.1936365e-05
cat__nn_contract_type_Outsourcing Agreement,1.1907994e-05
cat__contract_commodity_Clothing and Personal Safety Unclassified,1.1224383e-05
cat__supplier_sector_Waste Management & Treatment,1.1220004e-05
num__news_max_relevance_score,1.1151817e-05
cat__fin_Implied_rating - original_Aa2,1.1057729e-05
cat__fin_moodys_company_name_Gerresheimer Horsovsky Tyn spol. s r.o.,1.09594785e-05
"cat__incoterms_CIF Costs, insurance & freight",1.0674694e-05
cat__fin_moodys_company_name_Novo Nordisk Production Belgium SA,1.0600141e-05
num__vol_shock_ratio,1.0495004e-05
num__missingindicator_fin_roe_net_income,1.0381455e-05
cat__team_Raw Materials & Energy,1.0131887e-05
cat__contract_commodity_Other Critical Production Material,1.0109434e-05
cat__supplier_sector_Utilities,9.945324e-06
cat__contract_commodity_Distributor Delivery,9.711519e-06
cat__fin_moodys_company_name_Elis Danmark A/S,9.659384e-06
"cat__supplier_sector_Leather, Stone, Clay & Glass products",9.469584e-06
cat__company_country_clean_United States,9.386595e-06
cat__nn_contract_type_Freight Forwarder Agreement,9.089009e-06
cat__contract_commodity_Ocean Transportation,8.978968e-06
cat__contract_commodity_Cleaning Equipment (GxP),8.950078e-06
num__fin_current_ratio_missing_flag,8.804832e-06
num__missingindicator_fin_Number_of_employees,8.789363e-06
num__missingindicator_contract_value,8.684729e-06
cat__fin_moodys_company_name_Ypsomed AG,8.566002e-06
cat__fin_closing_date_2022-06-30,8.5294205e-06
cat__contract_commodity_Support Proteins and BIO APIs Unclassified,8.497243e-06
cat__incoterms_DAT Del.at Terminal-incl.unloading,8.472087e-06
cat__nn_contract_type_Service Agreement,8.316697e-06
num__fin_flag_short_term_liab_equity_high,8.161213e-06
"cat__contract_commodity_Glass (Syringes, Vials, Cartridges)",7.932279e-06
cat__contract_commodity_Excipients,7.753901e-06
cat__supplier_sector_Food & Tobacco Manufacturing,7.556649e-06
cat__fin_moodys_company_name_Merck Life Science A/S,7.0880374e-06
cat__payment_terms_F045 Invoice Date + 45 days,6.8194718e-06
cat__moodys_risk_rating_Do not source,6.6357775e-06
cat__fin_moodys_company_name_Millmount Healthcare Limited,6.582853e-06
cat__team_Raw Materials,6.521182e-06
cat__fin_closing_date_2023-06-30,6.4421756e-06
cat__contract_commodity_Personal Safety (PPE),6.262617e-06
cat__contract_currency_code_CNY,6.164359e-06
"cat__fin_moodys_company_name_Kovac MED Co.,Ltd",6.1336455e-06
cat__fin_moodys_company_name_Kalundborg Forsyning A/S,5.818688e-06
cat__fin_moodys_company_name_Kalundborg Bioenergi ApS,5.8003607e-06
cat__fin_moodys_company_name_CUC Engineering A/S,5.7153393e-06
num__fin_flag_interest_coverage_weak,5.5128157e-06
cat__contract_commodity_Transport Consumables,5.486045e-06
cat__nn_contract_type_Distributor Agreement,5.4348166e-06
cat__fin_closing_date_2023-09-30,5.3423155e-06
cat__contract_commodity_Fuel,5.298323e-06
cat__fin_moodys_company_name_All4labels Denmark Sb A/S,4.9339246e-06
cat__contract_commodity_Office Consumables,4.89764e-06
cat__contract_commodity_Bottles,4.8772686e-06
cat__fin_moodys_company_name_Pharma-Skan ApS,4.775101e-06
cat__payment_terms_F014 Invoice Date + 14 days,4.7612975e-06
cat__supplier_sector_Retail,4.6569144e-06
cat__fin_moodys_company_name_Sartorius Stedim UK Limited,4.6543173e-06
num__missingindicator_fin_Cash_ratio,4.441262e-06
cat__fin_Implied_rating - original_A3,4.38362e-06
cat__supplier_sector_Biotechnology and Life Sciences,4.345652e-06
cat__company_country_NORWAY,4.286906e-06
cat__nn_contract_type_Consultancy Agreement,4.2660763e-06
cat__contract_currency_code_SEK,4.238859e-06
num__fin_interest_coverage_ratio_missing_flag,4.188493e-06
cat__company_country_UNITED STATES,4.1735516e-06
num__fin_flag_negative_roa,4.166572e-06
cat__department_Bioprocessing & Raw Materials,4.118099e-06
cat__contract_commodity_Warehouse Operations - Inbound,4.077943e-06
cat__fin_moodys_company_name_Roquette Freres,3.7473988e-06
cat__fin_moodys_company_name_Camfil A/S,3.6864606e-06
cat__contract_commodity_Other Warehousing,3.5687397e-06
cat__fin_moodys_company_name_UFAG Laboratorien AG,3.5082564e-06
cat__fin_moodys_company_name_Asahi Kasei Bioprocess Europe,3.411787e-06
cat__nn_contract_type_Scope of Work,3.3264705e-06
num__missingindicator_fin_debt_asset_ratio,3.1870386e-06
cat__fin_moodys_company_name_DHL Supply Chain Denmark A/S,3.183352e-06
cat__fin_moodys_company_name_Eurofins Biopharma Product Testingdenmark A/S,3.1736643e-06
cat__fin_moodys_company_name_AVISTA Green ApS,3.1700329e-06
cat__fin_moodys_company_name_OPTIMA pharma GmbH,3.1435902e-06
cat__team_Bioprocessing and Excipients,3.1214563e-06
cat__contract_currency_code_GBP,2.9208477e-06
cat__contract_commodity_Assembly & Packaging,2.8977959e-06
cat__contract_currency_code_EUR,2.8926902e-06
num__fin_flag_low_solvency,2.8543902e-06
num__is_old_and_near_expiry,2.7063784e-06
cat__contract_commodity_4PL,2.6963512e-06
cat__contract_commodity_Outsourced Product Services,2.625133e-06
cat__fin_moodys_company_name_Mm Eson Pac AB,2.6045825e-06
cat__fin_closing_date_2023-11-30,2.5603179e-06
cat__supplier_sector_Printing & Publishing,2.5240226e-06
cat__unit_SSIMS,2.4761648e-06
cat__contract_commodity_Aseptic Filling,2.4385122e-06
cat__fin_moodys_company_name_Life Technologies Limited,2.4134654e-06
num__fin_flag_short_term_gearing_high,2.3757636e-06
cat__Country_Norway,2.375646e-06
cat__contract_commodity_Process Aids,2.372007e-06
cat__fin_financial_level_Medium financial risk,2.3460527e-06
cat__payment_terms_N000 Net cash,2.2984848e-06
cat__fin_moodys_company_name_Excella GmbH & Co. KG,2.1389824e-06
cat__fin_moodys_company_name_Ashland Industries Europe GmbH,2.134193e-06
cat__contract_commodity_Metal,2.1033436e-06
cat__team_Drug Substance Outsourcing API,2.1008302e-06
cat__contract_commodity_GMP Laboratory Analysis,2.0506322e-06
cat__fin_moodys_company_name_IGS B.V.,2.0186546e-06
cat__payment_terms_FD1M Invoice Date + 1 month,1.9661497e-06
cat__fin_moodys_company_name_Corden Pharma Societa' PER Azioni IN Breve Corden Pharma S.P.A.,1.9476518e-06
cat__fin_moodys_company_name_VWR International A/S,1.8569734e-06
cat__fin_Implied_rating - original_Ba1,1.8541512e-06
cat__department_from_cost_center_HI Warehouse Expansion Program,1.793791e-06
cat__contract_commodity_GxP Gas,1.7465088e-06
cat__company_country_RUSSIAN FEDERATION,1.6859414e-06
cat__fin_closing_date_2024-03-31,1.6719925e-06
cat__fin_closing_date_2023-03-31,1.644293e-06
cat__company_country_CHINA,1.5966502e-06
cat__expiry_pressure_bucket_within_1y,1.5822571e-06
cat__Code_CHN,1.5192663e-06
cat__payment_terms_L045 Current Month + 45 days,1.4462712e-06
num__missingindicator_news_article_count,1.1960051e-06
cat__fin_implied_rating_B,1.0774307e-06
cat__team_Drug Product Outsourcing,9.428155e-07
cat__contract_commodity_Biologics - E.Coli,8.924403e-07
cat__contract_commodity_Needles,8.64563e-07
num__fin_flag_long_term_liab_equity_high,7.933407e-07
cat__contract_commodity_Moulding and Pre-assembly,7.9239703e-07
num__fin_financial_risk_score,7.6290206e-07
num__market_log_vol_shock_ratio,7.5645215e-07
cat__Country_China,6.1602213e-07
cat__team_Devices & Needles,4.855662e-07
cat__fin_closing_date_2024-06-30,4.8394617e-07
cat__fin_closing_date_2025-06-30,3.4827144e-07
cat__contract_commodity_Finished Devices,1.3822834e-07
cat__contract_commodity_Other Critical Production Materials,1.0899537e-07
cat__contract_commodity_Filters,6.505262e-08
cat__contract_commodity_Rubber Plungers,2.2096643e-08
cat__contract_commodity_Small Molecules (Raw Materials),1.818987e-08
cat__fin_closing_date_2024-10-31,0.0
cat__fin_moodys_company_name_Zirq Medical A/S,0.0
cat__fin_closing_date_2019-12-31,0.0
cat__fin_closing_date_2019-06-30,0.0
cat__fin_closing_date_2018-12-31,0.0
cat__fin_closing_date_2018-06-30,0.0
cat__fin_closing_date_2017-12-31,0.0
cat__fin_closing_date_2025-05-31,0.0
cat__fin_closing_date_2017-06-30,0.0
cat__fin_closing_date_2016-12-31,0.0
cat__fin_closing_date_2015-03-31,0.0
cat__fin_moodys_company_name_eutecma gmbh,0.0
cat__payment_terms_F180 Invoice Date + 180 days,0.0
cat__payment_terms_F090 Invoice Date + 90 days,0.0
cat__payment_terms_F210 Invoice Date + 210 days,0.0
cat__fin_moodys_company_name_Yara Danmark A/S,0.0
"cat__fin_moodys_company_name_Xi'An Global Printing Co.,Ltd.",0.0
cat__fin_closing_date_2025-08-31,0.0
"cat__fin_moodys_company_name_West Pharmaceutical Services, Inc.",0.0
cat__fin_moodys_company_name_West Pharmaceutical Services Deutschland GmbH & Co. KG,0.0
cat__fin_moodys_company_name_Watson-Marlow Flexicon A/S,0.0
cat__fin_closing_date_2025-09-30,0.0
num__missingindicator_Tracking_Tracing,0.0
cat__fin_moodys_company_name_W. R. Grace & Co.-Conn.,0.0
cat__fin_created_at_utc_2026-03-05 09:02:26.421112+00:00,0.0
cat__fin_moodys_company_name_Va-Q-Tec AG,0.0
cat__fin_closing_date_2020-12-31,0.0
cat__fin_closing_date_2025-04-30,0.0
cat__fin_closing_date_2024-09-30,0.0
cat__fin_closing_date_2023-10-31,0.0
cat__fin_closing_date_2024-08-31,0.0
cat__fin_closing_date_2024-11-30,0.0
num__missingindicator_market_log_vol_shock_ratio,0.0
cat__fin_closing_date_2025-01-31,0.0
cat__fin_closing_date_2024-05-31,0.0
cat__fin_closing_date_2024-04-30,0.0
cat__contract_status_published,0.0
num__missingindicator_Timeliness,0.0
cat__fin_closing_date_2024-01-31,0.0
cat__payment_terms_0001 Payable immediately Due net,0.0
cat__payment_terms_F010 Invoice Date + 10 days,0.0
cat__payment_terms_F021 Invoice Date + 21 days,0.0
cat__payment_terms_F055 Invoice Date + 55 days,0.0
cat__fin_closing_date_2023-08-31,0.0
cat__payment_terms_F028 Invoice Date + 28 days,0.0
cat__fin_closing_date_2023-05-31,0.0
cat__fin_closing_date_2023-04-30,0.0
cat__payment_terms_L010 Current Month + 10 days,0.0
cat__fin_closing_date_2023-01-31,0.0
cat__payment_terms_F042 Invoice Date + 42 days,0.0
cat__fin_closing_date_2022-11-30,0.0
cat__fin_closing_date_2022-10-31,0.0
cat__fin_closing_date_2022-09-30,0.0
cat__fin_closing_date_2022-08-31,0.0
cat__payment_terms_F035 Invoice Date + 35 days,0.0
cat__contract_commodity_Mammalian Cell Culture,0.0
cat__payment_terms_L015 Current Month + 15 days,0.0
cat__fin_moodys_company_name_Troy X Investment Holding S.a r.l.,0.0
"cat__fin_moodys_company_name_SIBO G. Razvoj in proizvodnja embalaze, d.o.o. v angleskem jeziku: SIBO GROUP Packaging Development and Production LTD",0.0
cat__fin_moodys_company_name_SCHOTT Pharma Schweiz AG,0.0
cat__incoterms_DAF Delivered to frontier,0.0
cat__fin_moodys_company_name_RKT Rodinger Kunststoff- Technik GmbH,0.0
cat__fin_moodys_company_name_Quality Assistance,0.0
cat__fin_moodys_company_name_Prosci Nordics ApS,0.0
cat__fin_moodys_company_name_Professional Packaging Systems A/S,0.0
cat__fin_moodys_company_name_Presto Engineering France,0.0
cat__fin_moodys_company_name_Post Danmark A/S,0.0
cat__incoterms_DPU Delivered at Place Unloaded,0.0
cat__fin_moodys_company_name_Pfizer INC,0.0
cat__fin_moodys_company_name_Patheon UK Limited,0.0
cat__fin_moodys_company_name_Patheon Italia S.P.A.,0.0
cat__fin_moodys_company_name_Parker Hannifin Danmark ApS,0.0
cat__fin_moodys_company_name_PaperFoam B.V.,0.0
cat__fin_moodys_company_name_Pall Norden AB,0.0
cat__fin_moodys_company_name_PMC Ouvrie,0.0
cat__fin_moodys_company_name_PA Consulting Group A/S,0.0
cat__fin_moodys_company_name_Our New Energy Consulting ApS,0.0
cat__fin_moodys_company_name_Osvaldo Fernandes SA Artes Graficas,0.0
cat__fin_moodys_company_name_OneSeal ApS,0.0
cat__fin_moodys_company_name_Omni Mold Ltd.,0.0
cat__contract_currency_code_BDT,0.0
cat__fin_moodys_company_name_Nuova Ompi S.R.L.,0.0
cat__contract_currency_code_BRL,0.0
cat__contract_currency_code_CLP,0.0
cat__contract_currency_code_CNH,0.0
cat__fin_moodys_company_name_Novadan ApS,0.0
cat__fin_moodys_company_name_Norris Print-Tech A/S,0.0
cat__incoterms_CFR Costs and freight,0.0
cat__fin_moodys_company_name_SPX Flow Technology Danmark A/S,0.0
cat__fin_moodys_company_name_STA Pharmaceutical Hong Kong Limited,0.0
cat__fin_moodys_company_name_Sterimed UK Holdings LTD,0.0
cat__fin_moodys_company_name_Tosoh Bioscience GmbH,0.0
cat__fin_moodys_company_name_Topp Trykluft A/S,0.0
num__missingindicator_International_Shipments,0.0
cat__fin_moodys_company_name_Thermo Fisher Scientific B.V.,0.0
cat__fin_moodys_company_name_Tech Group Europe Limited,0.0
cat__fin_moodys_company_name_TN Rayong CO LTD,0.0
cat__fin_moodys_company_name_SwissCo CDMO Operations GmbH,0.0
cat__fin_moodys_company_name_Suzano S.A.,0.0
cat__fin_moodys_company_name_Stok Emballage K/S,0.0
cat__fin_moodys_company_name_Stibo Complete A/S,0.0
cat__fin_moodys_company_name_Stevanato Group Denmark A/S,0.0
cat__fin_moodys_company_name_Steris Corp,0.0
cat__fin_moodys_company_name_Steripack Medical Poland Sp. z o.o.,0.0
cat__fin_moodys_company_name_Sterigenics Denmark A/S,0.0
cat__fin_moodys_company_name_Saniflex Aktiebolag,0.0
cat__fin_moodys_company_name_Stena Recycling A/S,0.0
cat__fin_moodys_company_name_Steiert Praezisionsformenbau GmbH,0.0
cat__payment_terms_LB01 Current Month + 1 month,0.0
cat__fin_moodys_company_name_Solvias AG,0.0
cat__fin_moodys_company_name_Softbox Systems Limited,0.0
cat__payment_terms_N00B Prepayment/Payment with order,0.0
cat__fin_moodys_company_name_Sensitech EMEA B.V.,0.0
cat__fin_moodys_company_name_Schur Pack Denmark A/S,0.0
cat__fin_moodys_company_name_Schoeller-Plast-Enterprise A/S,0.0
cat__fin_moodys_company_name_Scantago A/S,0.0
"cat__payment_terms_O045 14 days -1,5%, 45 days",0.0
cat__fin_moodys_company_name_Sartorius Stedim Biotech GmbH,0.0
cat__fin_moodys_company_name_Sanofi Winthrop Industrie,0.0
cat__fin_created_at_utc_2026-03-12 15:07:22.230528+00:00,0.0
num__missingindicator_market_cap_volatility,0.0
num__missingindicator_price_trend_slope,0.0
num__fin_flag_gearing_high,0.0
num__fin_flag_long_term_gearing_high,0.0
cat__company_country_clean_Belgium,0.0
cat__company_country_clean_Austria,0.0
num__fin_flag_debt_asset_high,0.0
cat__Risk level_stock_closing_price_No data,0.0
cat__Risk level_stock_closing_price_Go ahead,0.0
cat__Risk level_stock_closing_price_Do not source,0.0
cat__Current_market_capitalisation_DKK_n.a.,0.0
cat__Current_market_capitalisation_DKK_953.712.217,0.0
cat__Current_market_capitalisation_DKK_86.737.935,0.0
cat__Current_market_capitalisation_DKK_85.602.561,0.0
cat__Current_market_capitalisation_DKK_30.971.635,0.0
cat__Current_market_capitalisation_DKK_29.786.781,0.0
cat__Current_market_capitalisation_DKK_2.954.260,0.0
cat__Current_market_capitalisation_DKK_2.511.971,0.0
cat__Current_market_capitalisation_DKK_112.918.290,0.0
cat__Current_market_capitalisation_DKK_103.353.116,0.0
cat__Shares outstanding_n.a.,0.0
cat__Shares outstanding_72.021.491,0.0
num__fin_flag_very_low_solvency,0.0
cat__Shares outstanding_6.072.451,0.0
cat__Shares outstanding_59.955.983,0.0
cat__Shares outstanding_5.686.267.431,0.0
num__fin_flag_negative_roe,0.0
cat__Shares outstanding_320.036.000,0.0
cat__Shares outstanding_14.756.500,0.0
cat__Shares outstanding_118.361.220,0.0
cat__company_country_clean_China,0.0
cat__company_country_clean_Finland,0.0
num__supplier_is_publicly_listed,0.0
cat__company_country_clean_France,0.0
cat__Code_SWE,0.0
cat__Code_NOR,0.0
cat__Code_FRA,0.0
cat__Code_FIN,0.0
num__end_year,0.0
cat__Code_CHE,0.0
cat__Code_BRA,0.0
cat__Code_BEL,0.0
cat__Code_AUT,0.0
cat__Country_United States,0.0
cat__Country_Switzerland,0.0
cat__Country_Sweden,0.0
num__fin_Number_of_months,0.0
cat__Country_Ireland,0.0
cat__Country_France,0.0
cat__Country_Finland,0.0
cat__Country_Brazil,0.0
cat__Country_Belgium,0.0
cat__Country_Austria,0.0
num__fin_flag_financial_risk_score_high,0.0
cat__company_country_clean_Switzerland,0.0
num__fin_flag_financial_risk_score_very_high,0.0
cat__company_country_clean_Saudi Arabia,0.0
cat__company_country_clean_Russia,0.0
cat__company_country_clean_Norway,0.0
cat__company_country_clean_Ireland,0.0
cat__company_country_clean_Indonesia,0.0
cat__Shares outstanding_1.264.117.615,0.0
cat__moodys_risk_rating_No data,0.0
cat__fin_Status_Dissolved (merger or take-over),0.0
cat__fin_Implied_rating - original_Ba3,0.0
num__missingindicator_esg_gov_score,0.0
cat__fin_Implied_rating - original_B3,0.0
cat__fin_Implied_rating - original_B2,0.0
cat__fin_Implied_rating - original_B1,0.0
cat__fin_Implied_rating - original_Aaa,0.0
num__missingindicator_esg_gov_weight,0.0
num__missingindicator_esg_industry_min,0.0
cat__fin_Implied_rating - original_Aa1,0.0
num__missingindicator_esg_industry_max,0.0
num__missingindicator_news_negative_count,0.0
cat__fin_output_text_Use caution. Mitigation actions required. Please follow risk mitigation actions as communicated by your Risk team. Reach out to your risk representative for further guidance.,0.0
num__missingindicator_news_positive_count,0.0
cat__fin_output_text_Sourcing exclusion recommended. Mitigation actions required. Please follow risk mitigation actions as communicated by your Risk team. Reach out to your risk representative for further guidance.,0.0
num__missingindicator_news_neutral_count,0.0
num__missingindicator_news_avg_sentiment_score,0.0
num__missingindicator_news_avg_relevance_score,0.0
cat__fin_financial_level_Low financial risk,0.0
cat__fin_financial_level_High financial risk,0.0
num__missingindicator_news_max_relevance_score,0.0
num__missingindicator_news_negative_ratio,0.0
num__missingindicator_vol_trend_slope,0.0
cat__fin_moodys_company_name_Norchim,0.0
num__missingindicator_Price_trends_52 weeks_%,0.0
num__missingindicator_Earnings_per_share_DKK,0.0
cat__fin_implied_rating_Aaa,0.0
num__missingindicator_avg_closing_price,0.0
num__missingindicator_price_volatility_score,0.0
cat__fin_Implied_rating - original_Ba2,0.0
num__missingindicator_esg_social_weight,0.0
cat__moodys_risk_rating_Go ahead,0.0
num__missingindicator_esg_social_score,0.0
num__market_flag_high_volume_shock,0.0
num__market_flag_high_market_cap_volatility,0.0
num__market_flag_negative_volume_trend,0.0
num__market_flag_high_beta,0.0
"cat__supplier_sector_Travel, Personal & Leisure",0.0
num__financial_data_available,0.0
cat__supplier_sector_Textiles & Clothing Manufacturing,0.0
num__esg_data_available,0.0
"cat__supplier_sector_Public Administration, Education, Health Social Services",0.0
num__news_data_available,0.0
cat__supplier_sector_Miscellaneous Manufacturing,0.0
cat__supplier_sector_Mining & Extraction,0.0
cat__supplier_sector_Metals & Metal Products,0.0
num__has_environmental_appendix,0.0
num__missingindicator_fin_Total_shareholders'_funds_and_liabilitiesth_DKK,0.0
num__missingindicator_fin_profit_margin,0.0
cat__supplier_sector_Construction,0.0
cat__supplier_sector_Computer Hardware,0.0
num__missingindicator_fin_ebit_margin,0.0
num__missingindicator_fin_Total_liabilities_Equity_ratio,0.0
num__missingindicator_fin_short_term_liabilities_equity_ratio,0.0
num__missingindicator_fin_solvency_ratio_asset_based,0.0
cat__Risk level_No data,0.0
num__missingindicator_fin_financial_risk_score,0.0
num__missingindicator_esg_env_score,0.0
cat__fin_Implied_rating - original_Caa-C,0.0
num__missingindicator_esg_env_weight,0.0
cat__fin_moodys_company_name_Nordmann Nordic AB,0.0
cat__fin_moodys_company_name_Nicapac AB,0.0
cat__fin_moodys_company_name_Nolato Cerbo AB,0.0
cat__company_country_FINLAND,0.0
cat__contract_commodity_Connectivity,0.0
cat__contract_commodity_Customs Clearance,0.0
cat__contract_commodity_Detergents,0.0
cat__contract_commodity_Devices,0.0
cat__contract_commodity_Digital Agency,0.0
cat__company_country_SWITZERLAND,0.0
cat__contract_commodity_Disinfectants,0.0
cat__contract_commodity_Dry Ice,0.0
cat__company_country_Novo Nordisk Saudi Arabia,0.0
cat__contract_commodity_Dry Ice and Gas,0.0
cat__company_country_IRELAND,0.0
cat__company_country_INDONESIA,0.0
cat__contract_commodity_Durable,0.0
cat__contract_commodity_Electricity,0.0
cat__department_from_cost_center_Drug Product Outsourcing,0.0
num__terminated,0.0
cat__contract_commodity_Electronics and Other Components,0.0
cat__company_country_BELGIUM,0.0
cat__company_country_AUSTRIA,0.0
cat__contract_commodity_EtOH,0.0
cat__contract_commodity_FM Consulting,0.0
"cat__team_Strategy, Sourcing & Negotiation CoE",0.0
cat__contract_commodity_Facility Management Consulting,0.0
cat__contract_commodity_Filters for Production Equipment (excl. Ventilation),0.0
cat__team_Oral Drug Product and Packaging,0.0
cat__team_Negotiation & Capability Building,0.0
cat__team_Drug Substance Outsourcing ET,0.0
cat__team_Drug Substance Outsourcing,0.0
cat__contract_commodity_Clinical Special Laboratory Services,0.0
cat__contract_commodity_Cleaning Equipment & Products (Offices),0.0
cat__contract_commodity_Analytics Consulting,0.0
"cat__department_Strategy, Sourcing & Negotiation CoE",0.0
cat__fin_moodys_company_name_Alsiano A/S,0.0
cat__contract_commodity_Assembly Lines,0.0
cat__fin_moodys_company_name_Alflow Scandinavia A/S,0.0
cat__fin_moodys_company_name_Alfa Laval Nordic A/S,0.0
cat__fin_moodys_company_name_Air Liquide Danmark A/S,0.0
cat__contract_commodity_Biologics - Mammalian,0.0
cat__fin_moodys_company_name_Advanex (Singapore) Pte. Ltd.,0.0
cat__fin_moodys_company_name_Accenture A/S,0.0
cat__contract_commodity_Biopharm Sidechains Unclassified,0.0
cat__fin_moodys_company_name_AS3 BtB A/S,0.0
cat__fin_moodys_company_name_AH Metal Solutions A/S,0.0
cat__fin_moodys_company_name_A/S Mortalin,0.0
cat__fin_moodys_company_name_A P Moller-Maersk A/S,0.0
cat__department_Strategic Sourcing US Hub,0.0
cat__department_from_cost_center_Global Strategic Outsourcing & Devices,0.0
cat__contract_commodity_Bulk Packaging,0.0
cat__contract_commodity_Caps,0.0
cat__contract_commodity_Catering & Canteen Services',0.0
cat__contract_commodity_Cell Culture Media,0.0
cat__department_HI Warehouse Expansion Program,0.0
cat__department_Global Strategic Outsourcing & Devices,0.0
cat__contract_commodity_Chemical Synthesis - Oligonucleotides,0.0
cat__department_Drug Product Outsourcing,0.0
cat__contract_commodity_Chemical Synthesis - Peptides,0.0
cat__department_Bioprocessing and Excipients,0.0
cat__contract_commodity_Chemical Synthesis - Small Molecules,0.0
"cat__department_Alliance, Acquisitions & PPM CoE",0.0
cat__contract_commodity_Cleaning Equipment,0.0
cat__contract_commodity_Foils,0.0
cat__team_Bioprocessing,0.0
cat__team_BF Integration,0.0
cat__contract_commodity_Labels,0.0
cat__contract_commodity_Prefilled Plastic Components,0.0
cat__contract_commodity_Plastic Raw Materials,0.0
cat__contract_commodity_Pest Control,0.0
cat__contract_commodity_Injection Moulding Machinery,0.0
cat__contract_commodity_Patient Education,0.0
cat__contract_commodity_Packaging Lines,0.0
cat__contract_commodity_Packaging Consumables,0.0
cat__contract_commodity_PC & Accessories,0.0
cat__contract_commodity_Inserts & Booklets,0.0
cat__contract_commodity_Outsourced GMP Laboratory Analysis,0.0
cat__contract_commodity_Other soft skills training,0.0
cat__contract_commodity_Internal Consultancy Services,0.0
cat__contract_commodity_Other Laboratory Chemicals,0.0
cat__contract_commodity_Laboratory Chemicals,0.0
cat__team_Aseptic Production,0.0
cat__contract_commodity_Other Drug Substance Manufacturing Services,0.0
cat__contract_commodity_Laboratory Chemicals (Process Aids),0.0
cat__contract_commodity_Other Distribution Expenses,0.0
cat__contract_commodity_Laboratory Gases,0.0
cat__contract_commodity_Other Clothing and Personal Safety,0.0
cat__contract_commodity_Other Clinical Services',0.0
cat__contract_commodity_Other Cleaning,0.0
"cat__contract_commodity_Oral Drug Product (Tablets, Capsules)",0.0
cat__contract_commodity_Laundry Service,0.0
cat__contract_commodity_Law Firms,0.0
cat__contract_commodity_Life Science Chemicals,0.0
cat__contract_commodity_Lifescience Chemicals,0.0
cat__contract_commodity_Medical Kits,0.0
cat__contract_commodity_Primary Packaging,0.0
cat__contract_commodity_Printed Packaging Materials,0.0
cat__contract_commodity_IT Hardware - End User,0.0
cat__contract_commodity_Purchase of Real Estate/Land,0.0
cat__contract_commodity_Workshop Machinery,0.0
cat__contract_commodity_Water,0.0
cat__contract_commodity_Freeze Dryers,0.0
cat__contract_commodity_Freight Forwarding (Clinical Trial),0.0
cat__contract_commodity_Future Devices Unclassified,0.0
cat__contract_commodity_UV,0.0
cat__contract_commodity_Tubes,0.0
cat__contract_commodity_Gels,0.0
cat__contract_commodity_Temporary Buildings Rental,0.0
cat__contract_commodity_Temperature Loggers,0.0
cat__contract_commodity_Technical Maintenance,0.0
cat__contract_commodity_Gene Therapy,0.0
cat__contract_commodity_GxP Archiving,0.0
cat__contract_commodity_Steam,0.0
cat__contract_commodity_Spray Drying (Drug Product Outsourcing),0.0
cat__contract_commodity_Single Use Systems,0.0
cat__contract_commodity_Single Use Process Equipment,0.0
cat__contract_commodity_Side Chains Unclassified,0.0
cat__contract_commodity_GxP Dry Ice,0.0
cat__contract_commodity_Sales Commission,0.0
cat__contract_commodity_SaaS (Software as a Service),0.0
cat__contract_commodity_SIP (Devices & Needles),0.0
cat__contract_commodity_Rubber Laminate,0.0
cat__contract_commodity_Human Resources Training,0.0
cat__contract_commodity_Rewards and Recognition,0.0
cat__contract_commodity_Resin,0.0
cat__contract_commodity_R&D Consulting,0.0
cat__fin_moodys_company_name_Apodannordic Pharmapackaging A/S,0.0
cat__fin_moodys_company_name_Aseptic Group,0.0
cat__fin_moodys_company_name_Nippon Gases Danmark A/S,0.0
cat__nn_contract_type_Advisory Services Agreement,0.0
cat__fin_moodys_company_name_Kuehne + Nagel A/S,0.0
cat__contract_type_IT,0.0
cat__fin_moodys_company_name_Kirsch Pharma GmbH,0.0
cat__fin_moodys_company_name_Kebo AG,0.0
cat__contract_type_Medical,0.0
cat__contract_type_Sales,0.0
cat__fin_moodys_company_name_K+S Minerals and Agriculture GmbH,0.0
cat__fin_moodys_company_name_J. Krebs & Co. A/S,0.0
cat__fin_moodys_company_name_Insatech A/S,0.0
cat__fin_moodys_company_name_Inovyn Europe Limited,0.0
cat__fin_moodys_company_name_Implement Consulting Group P/S,0.0
cat__fin_moodys_company_name_Implement Consulting Group Malmoe AB,0.0
cat__fin_moodys_company_name_ISS Facility Services A/S,0.0
cat__nn_contract_type_Engineering agreement,0.0
cat__fin_moodys_company_name_Kuwait Petroleum - Belgium,0.0
cat__fin_moodys_company_name_Husky Injection Molding Systems,0.0
cat__fin_moodys_company_name_Holm & Halby A/S,0.0
cat__fin_moodys_company_name_Hamilton Nordic AB,0.0
cat__fin_moodys_company_name_Groesfjeld Advanced Cleaning Solutions ApS,0.0
cat__fin_moodys_company_name_Grathwol A/S,0.0
cat__fin_moodys_company_name_Getinge Danmark A/S,0.0
cat__fin_moodys_company_name_Gerresheimer Vaerloese A/S,0.0
cat__nn_contract_type_Lease Agreement,0.0
cat__fin_moodys_company_name_Gerresheimer Buende GmbH,0.0
cat__fin_moodys_company_name_Georg Utz AG,0.0
cat__fin_moodys_company_name_Geodis CL Pharma,0.0
cat__fin_moodys_company_name_Genpack A/S,0.0
cat__fin_moodys_company_name_Genewiz UK Limited,0.0
cat__fin_moodys_company_name_Kuehne + Nagel Pte. Ltd.,0.0
cat__fin_moodys_company_name_L. Thalund Instrument ApS,0.0
cat__contract_commodity_Air Transportation,0.0
cat__fin_moodys_company_name_Maxell Europe Limited,0.0
cat__fin_moodys_company_name_Nilfisk A/S,0.0
cat__fin_moodys_company_name_Nilaus Plast ApS,0.0
cat__fin_moodys_company_name_Nichepharm Lifesciences Private Limited,0.0
cat__contract_commodity_Management Consulting,0.0
cat__contract_currency_code_IDR,0.0
cat__fin_moodys_company_name_Nalco Danmark ApS,0.0
cat__fin_moodys_company_name_NTG Neptun Transport A/S,0.0
cat__contract_currency_code_JPY,0.0
cat__contract_currency_code_NZD,0.0
cat__fin_moodys_company_name_Miclev Medical Products AB,0.0
cat__fin_moodys_company_name_Mesa Parts GmbH,0.0
cat__fin_moodys_company_name_Mesa France,0.0
cat__contract_currency_code_SAR,0.0
cat__fin_moodys_company_name_Marius Pedersen A/S,0.0
cat__fin_moodys_company_name_Leguay Emballages,0.0
cat__fin_moodys_company_name_Mariager Salt Specialties A/S,0.0
"cat__fin_moodys_company_name_Macco Organiques, s.r.o.",0.0
cat__fin_moodys_company_name_MGS Roskilde A/S,0.0
cat__fin_moodys_company_name_MGS Lynge A/S,0.0
cat__fin_moodys_company_name_MFS Technology (S) PTE LTD,0.0
cat__fin_moodys_company_name_Lyngholm Filtration ApS,0.0
cat__fin_moodys_company_name_Lugaia AG,0.0
cat__fin_moodys_company_name_Lonza Sales AG,0.0
cat__fin_moodys_company_name_Linds Handel ApS,0.0
cat__contract_currency_code_SGD,0.0
cat__contract_type_Confidentiality & Non-Disclosure,0.0
cat__fin_moodys_company_name_Lemvigh-Muller A/S,0.0
cat__fin_moodys_company_name_Leman A/S,0.0
cat__fin_moodys_company_name_Gemu ApS,0.0
cat__fin_moodys_company_name_Fujifilm Diosynth Biotechnologies UK Limited,0.0
cat__fin_moodys_company_name_Formteknik Group Anderstorp AB,0.0
cat__fin_moodys_company_name_Bunzl Distribution Danmark A/S,0.0
cat__fin_moodys_company_name_Corden Pharma Switzerland LLC,0.0
cat__nn_contract_type_Sales Agreement,0.0
cat__fin_moodys_company_name_Conrum A/S,0.0
cat__fin_moodys_company_name_Compass Group Danmark A/S,0.0
cat__fin_moodys_company_name_Combitherm A/S,0.0
cat__fin_moodys_company_name_Colorcon Limited,0.0
cat__fin_moodys_company_name_Cavitech Solutions Limited,0.0
cat__nn_contract_type_Service Level Agreement,0.0
cat__fin_moodys_company_name_Catalent Anagni S.R.L.,0.0
cat__nn_contract_type_Statement of Work,0.0
cat__nn_contract_type_Work Order,0.0
cat__fin_moodys_company_name_CCL Label A/S,0.0
cat__fin_moodys_company_name_Bussetti & Co Gesellschaft m.b.H.,0.0
cat__fin_moodys_company_name_Brenntag Nordic A/S,0.0
cat__fin_moodys_company_name_Flextronics International Gesellschaft m.b.H.,0.0
cat__fin_moodys_company_name_Bramming Plast-Industri A/S,0.0
cat__fin_moodys_company_name_Bording Danmark A/S,0.0
cat__fin_moodys_company_name_Biomerieux SA,0.0
cat__fin_moodys_company_name_Biomerieux Denmark ApS,0.0
"cat__contract_commodity_Accounting, Tax and Auditing Services",0.0
cat__fin_moodys_company_name_Bachmann Forming AG,0.0
cat__fin_moodys_company_name_BWT Danmark A/S,0.0
cat__fin_moodys_company_name_BEWI Denmark A/S,0.0
cat__fin_moodys_company_name_Avista Oil Danmark A/S,0.0
cat__fin_moodys_company_name_Avenue Mould Solutions Limited,0.0
cat__fin_moodys_company_name_Autajon Labels Belgium,0.0
cat__fin_moodys_company_name_Aug. Hedinger GmbH & Co. KG,0.0
cat__fin_moodys_company_name_Aspen Oss B.V.,0.0
cat__fin_moodys_company_name_Curtec Nederland B.V.,0.0
cat__fin_moodys_company_name_Cyklop-Emballering A/S,0.0
cat__fin_moodys_company_name_Cytiva Denmark ApS,0.0
cat__nn_contract_type_Safety Data Exchange Agreement,0.0
cat__fin_moodys_company_name_Flexcoat Produtos Auto-Adesivos S/A,0.0
cat__fin_moodys_company_name_Flamma S.P.A.,0.0
cat__fin_moodys_company_name_Fisher Scientific Biotech Line ApS,0.0
cat__fin_moodys_company_name_Fibrant B.V.,0.0
cat__fin_moodys_company_name_Farusa Emballage A/S,0.0
cat__fin_moodys_company_name_Fait Plast S.P.A.,0.0
cat__fin_moodys_company_name_FJ Industries A/S,0.0
cat__nn_contract_type_Letter of Agreement,0.0
cat__nn_contract_type_License Agreement,0.0
cat__fin_moodys_company_name_Europart Danmark A/S,0.0
cat__fin_moodys_company_name_Eurofins Miljo Luft A/S,0.0
cat__nn_contract_type_Non Commercial Partnership Agreement,0.0
cat__nn_contract_type_Non-Disclosure Agreement,0.0
cat__fin_moodys_company_name_Elpro-Buchs AG,0.0
cat__nn_contract_type_Order form,0.0
cat__fin_moodys_company_name_Eldrup Lim ApS,0.0
cat__fin_moodys_company_name_Ecolab ApS,0.0
cat__fin_moodys_company_name_EMPAC GmbH,0.0
cat__fin_moodys_company_name_Dustin A/S,0.0
cat__fin_moodys_company_name_Dorte Egelund ApS,0.0
cat__nn_contract_type_Product Agreement,0.0
cat__fin_moodys_company_name_Dansk Traeemballage A/S,0.0
cat__fin_moodys_company_name_Dansk Salt A/S,0.0
cat__fin_moodys_company_name_DSV Contract Logistics A/S,0.0
cat__nn_contract_type_Project Agreement,0.0
cat__nn_contract_type_Quality Agreement,0.0
cat__fin_moodys_company_name_D-S Sikkerhedsudstyr A/S,0.0
cat__Code_USA,0.0
